{"loss": [7.892043113708496, 2.758681535720825, 2.220440626144409, 1.7719806432724, 1.3724344968795776, 0.8677316904067993, 0.618290364742279, 0.44867125153541565, 0.3399173319339752, 0.2871895134449005, 0.18809659779071808, 0.19014610350131989, 0.13717766106128693, 0.14254482090473175, 0.150316059589386, 0.10877242684364319, 0.08147382736206055, 0.07069172710180283, 0.07424286752939224, 0.06857941299676895, 0.13405673205852509, 0.17283225059509277, 0.20869527757167816, 0.2840166985988617, 0.47894927859306335, 0.24610580503940582, 0.1916009783744812, 0.11004646122455597, 0.06868746131658554, 0.06391875445842743, 0.06671754270792007, 0.08595070987939835], "accuracy": [0.07236126065254211, 0.18171925842761993, 0.32154515385627747, 0.45266595482826233, 0.5729053616523743, 0.7127312421798706, 0.7883569002151489, 0.8514689803123474, 0.8993471264839172, 0.9124047756195068, 0.9472252726554871, 0.9401523470878601, 0.9613710641860962, 0.9553862810134888, 0.9570184946060181, 0.9646354913711548, 0.9727964997291565, 0.9776931405067444, 0.9793253540992737, 0.9782372117042542, 0.9581066370010376, 0.9499455690383911, 0.9423286318778992, 0.918933629989624, 0.8677910566329956, 0.9270946383476257, 0.9434167742729187, 0.9684439897537231, 0.9776931405067444, 0.9820457100868225, 0.9787812829017639, 0.9733405709266663], "val_loss": [2.4887659549713135, 1.8698335886001587, 1.3204489946365356, 0.8259681463241577, 0.6496403217315674, 0.40649324655532837, 0.2914476990699768, 0.25921404361724854, 0.23693270981311798, 0.2106267213821411, 0.22948333621025085, 0.25147581100463867, 0.28727495670318604, 0.2727303206920624, 0.18232759833335876, 0.18719540536403656, 0.20367422699928284, 0.10495071113109589, 0.12668713927268982, 0.26620838046073914, 0.22014909982681274, 0.21287469565868378, 0.41451185941696167, 0.5815204977989197, 0.2849021255970001, 0.3209207355976105, 0.2301727533340454, 0.19411137700080872, 0.2620256543159485, 0.1439303159713745, 0.20050571858882904, 0.381942480802536], "val_accuracy": [0.25853657722473145, 0.4390243887901306, 0.6097561120986938, 0.7219512462615967, 0.8146341443061829, 0.8878048658370972, 0.9268292784690857, 0.9365853667259216, 0.9414634108543396, 0.9512194991111755, 0.9414634108543396, 0.9414634108543396, 0.9414634108543396, 0.9414634108543396, 0.9512194991111755, 0.9609755873680115, 0.9512194991111755, 0.9658536314964294, 0.9658536314964294, 0.9317073225975037, 0.9414634108543396, 0.9512194991111755, 0.9024389982223511, 0.8439024686813354, 0.9268292784690857, 0.9414634108543396, 0.9365853667259216, 0.9560975432395935, 0.9463414549827576, 0.9658536314964294, 0.9560975432395935, 0.9512194991111755]}