{"loss": [3.9608943462371826, 2.379241466522217, 2.348003387451172, 2.3241777420043945, 2.3074536323547363, 2.292320489883423, 2.270106792449951, 2.2564895153045654, 2.2255449295043945, 2.1698696613311768, 2.0944833755493164, 1.9710605144500732, 1.8463205099105835, 1.7140051126480103, 1.6257115602493286, 1.570275902748108, 1.4071394205093384, 1.2486968040466309, 1.1729059219360352, 1.1043733358383179, 1.0885862112045288, 1.1146502494812012, 1.124104380607605, 1.07697331905365, 0.9477549195289612, 0.9590908288955688, 0.9626246094703674, 0.8691006302833557, 0.7741595506668091, 0.6929634213447571, 0.6912148594856262, 0.6407531499862671], "accuracy": [0.12038303911685944, 0.12995895743370056, 0.13269494473934174, 0.1614227145910263, 0.14227086305618286, 0.15868672728538513, 0.16963064670562744, 0.1764705926179886, 0.19699043035507202, 0.22298221290111542, 0.25718194246292114, 0.28317373991012573, 0.35704514384269714, 0.3912448585033417, 0.4240766167640686, 0.45827633142471313, 0.5212038159370422, 0.5554035305976868, 0.5841313004493713, 0.6251710057258606, 0.6183310747146606, 0.6183310747146606, 0.6210670471191406, 0.6320109367370605, 0.6689466238021851, 0.6757866144180298, 0.6826265454292297, 0.6963064074516296, 0.7359781265258789, 0.7647058963775635, 0.7496579885482788, 0.7783857583999634], "val_loss": [2.3731729984283447, 2.382328987121582, 2.4081335067749023, 2.4087703227996826, 2.3736019134521484, 2.3227221965789795, 2.2893378734588623, 2.251779794692993, 2.2334938049316406, 2.163238525390625, 2.0772311687469482, 1.9054279327392578, 1.7214757204055786, 1.8773826360702515, 1.809463620185852, 1.5909606218338013, 1.451466679573059, 1.3041512966156006, 1.3360176086425781, 1.3635467290878296, 1.2161543369293213, 1.3444702625274658, 1.181064486503601, 1.1817991733551025, 1.257321834564209, 1.0404261350631714, 1.3569833040237427, 0.911605954170227, 0.937562882900238, 0.8333038091659546, 0.9235224723815918, 0.7913931608200073], "val_accuracy": [0.10280373692512512, 0.10280373692512512, 0.10280373692512512, 0.10280373692512512, 0.14018692076206207, 0.14018692076206207, 0.14018692076206207, 0.14953270554542542, 0.1682243049144745, 0.22429905831813812, 0.2897196114063263, 0.3644859790802002, 0.38317757844924927, 0.35514017939567566, 0.40186914801597595, 0.47663551568984985, 0.5607476830482483, 0.5607476830482483, 0.6074766516685486, 0.6168224215507507, 0.6168224215507507, 0.5700934529304504, 0.6355140209197998, 0.672897219657898, 0.6168224215507507, 0.672897219657898, 0.6074766516685486, 0.7383177280426025, 0.7289719581604004, 0.7663551568984985, 0.7663551568984985, 0.7850467562675476]}