{"loss": [2.680215835571289, 2.353508949279785, 2.1449122428894043, 1.8886322975158691, 1.7025866508483887, 1.517159104347229, 1.395207166671753, 1.1248376369476318, 1.0078496932983398, 0.8999171853065491, 0.7234132289886475, 0.6604518890380859, 0.4608383774757385, 0.4658304452896118, 0.38529884815216064, 0.3831615746021271, 0.2704314887523651, 0.2769628167152405, 0.16376058757305145, 0.29287663102149963, 0.2269390970468521, 0.16285842657089233, 0.24596007168293, 0.1871376633644104, 0.11919509619474411, 0.12776954472064972, 0.14266563951969147, 0.07039953768253326, 0.10471083968877792, 0.06065428629517555], "accuracy": [0.10559006035327911, 0.12761151790618896, 0.22642575204372406, 0.3246753215789795, 0.3862224817276001, 0.4607566297054291, 0.5008469820022583, 0.6098249554634094, 0.6589497327804565, 0.6933935880661011, 0.7679277062416077, 0.7927724719047546, 0.842461884021759, 0.8554489016532898, 0.8774703741073608, 0.8769056797027588, 0.9249011874198914, 0.9203839898109436, 0.9452286958694458, 0.918125331401825, 0.9277244210243225, 0.9520044922828674, 0.9232072234153748, 0.9418407678604126, 0.9644268751144409, 0.9604743123054504, 0.9655562043190002, 0.9757199287414551, 0.9689440727233887, 0.9824957847595215], "val_loss": [2.3944714069366455, 2.330432891845703, 1.8391430377960205, 1.6528822183609009, 1.601841688156128, 1.216084361076355, 1.1342136859893799, 0.8918629288673401, 0.7110428810119629, 0.8175118565559387, 0.80179363489151, 0.6639423966407776, 0.6859294176101685, 0.6596595644950867, 0.46757954359054565, 0.5014126300811768, 0.6992860436439514, 0.5143030285835266, 0.7365249395370483, 0.4553103446960449, 0.4481399655342102, 1.0260639190673828, 0.6301508545875549, 0.4896186888217926, 0.5270498394966125, 0.6104238033294678, 0.6773819923400879, 0.6029409766197205, 0.3876870274543762, 0.5707923173904419], "val_accuracy": [0.14018692076206207, 0.1962616890668869, 0.420560747385025, 0.514018714427948, 0.4112149477005005, 0.5700934529304504, 0.6542056202888489, 0.7102803587913513, 0.7943925261497498, 0.7943925261497498, 0.7943925261497498, 0.8504672646522522, 0.8504672646522522, 0.8971962332725525, 0.9345794320106506, 0.9158878326416016, 0.8878504633903503, 0.9158878326416016, 0.9345794320106506, 0.9439252614974976, 0.9439252614974976, 0.8971962332725525, 0.8971962332725525, 0.9532710313796997, 0.9439252614974976, 0.9345794320106506, 0.9532710313796997, 0.9532710313796997, 0.9532710313796997, 0.9439252614974976]}