{"loss": [1.3169015645980835, 0.6757709383964539, 0.6465551257133484, 0.622745931148529, 0.5624915361404419, 0.5055921077728271, 0.4423180818557739, 0.38355752825737, 0.34593868255615234, 0.2757677137851715, 0.2849481403827667, 0.22976654767990112, 0.1924525797367096, 0.1783064752817154, 0.15015003085136414, 0.20643138885498047, 0.13799160718917847, 0.1157606914639473, 0.13093960285186768, 0.10367316752672195, 0.1064964309334755, 0.0782913938164711, 0.07572679221630096, 0.08589312434196472, 0.1121605634689331, 0.08137577027082443, 0.2128036767244339, 0.07322952151298523, 0.05875755101442337, 0.06174955889582634, 0.07791244238615036, 0.06299088150262833, 0.0644180029630661, 0.04978381097316742, 0.0370774082839489, 0.04380165413022041, 0.05418235436081886, 0.03347797319293022, 0.03703131526708603, 0.06721949577331543], "accuracy": [0.5189803242683411, 0.5793848633766174, 0.6198393106460571, 0.6500415802001953, 0.7060127258300781, 0.7409254908561707, 0.7863674163818359, 0.8124133944511414, 0.8420615196228027, 0.8791909217834473, 0.8747575283050537, 0.9008035659790039, 0.9154890775680542, 0.9221391081809998, 0.9379329681396484, 0.9071764945983887, 0.9448601007461548, 0.9534497261047363, 0.9492934346199036, 0.9600997567176819, 0.9570518136024475, 0.9661956429481506, 0.969520628452301, 0.9661956429481506, 0.9578830599784851, 0.9686893820762634, 0.9293432831764221, 0.9722914695739746, 0.977279007434845, 0.9783873558044434, 0.9689664840698242, 0.9736769199371338, 0.9767248630523682, 0.9808811545372009, 0.9847603440284729, 0.9822665452957153, 0.9786644577980042, 0.9872540831565857, 0.9844832420349121, 0.9742310643196106], "val_loss": [0.6921186447143555, 0.6315754652023315, 0.7736013531684875, 0.5532652735710144, 0.5093686580657959, 0.41394340991973877, 0.34195277094841003, 0.28362783789634705, 0.30172666907310486, 0.37072283029556274, 0.2560591697692871, 0.21867842972278595, 0.19962164759635925, 0.19375558197498322, 0.25003209710121155, 0.1261112540960312, 0.16102135181427002, 0.10299257189035416, 0.1729462891817093, 0.25476980209350586, 0.21526497602462769, 0.10496383160352707, 0.11829816550016403, 0.06981611996889114, 0.1093956008553505, 0.10427719354629517, 0.11583133786916733, 0.04866573587059975, 0.11184074729681015, 0.08022803068161011, 0.07394867390394211, 0.14780746400356293, 0.155573308467865, 0.12087435275316238, 0.08070703595876694, 0.1981443613767624, 0.07754654437303543, 0.12430685013532639, 0.12238804250955582, 0.12342918664216995], "val_accuracy": [0.49038460850715637, 0.6314102411270142, 0.5448718070983887, 0.682692289352417, 0.75, 0.7980769276618958, 0.8205128312110901, 0.8685897588729858, 0.8461538553237915, 0.8461538553237915, 0.8942307829856873, 0.8974359035491943, 0.9198718070983887, 0.9198718070983887, 0.9102563858032227, 0.932692289352417, 0.9294871687889099, 0.9455128312110901, 0.932692289352417, 0.9198718070983887, 0.9294871687889099, 0.9743589758872986, 0.9551281929016113, 0.9615384340286255, 0.9679487347602844, 0.9519230723381042, 0.9615384340286255, 0.9839743375778198, 0.9807692170143127, 0.9647436141967773, 0.9743589758872986, 0.9679487347602844, 0.9583333134651184, 0.9711538553237915, 0.9807692170143127, 0.9807692170143127, 0.9903846383094788, 0.9807692170143127, 0.9839743375778198, 0.9775640964508057]}