{"loss": [18.96445655822754, 3.4195609092712402, 3.9337551593780518, 3.3448238372802734, 4.747710227966309, 3.438786506652832, 3.912383556365967, 3.3764500617980957, 3.0232043266296387, 2.555736541748047], "accuracy": [0.06365615129470825, 0.08324265480041504, 0.10391730070114136, 0.1354733407497406, 0.17519041895866394, 0.2241566926240921, 0.24972796440124512, 0.2997823655605316, 0.3454842269420624, 0.3759521245956421], "val_loss": [5.266836643218994, 2.8045525550842285, 2.788213014602661, 6.5232696533203125, 26.576148986816406, 2.2380709648132324, 3.66048264503479, 3.6026041507720947, 4.13088321685791, 2.4000768661499023], "val_accuracy": [0.08292683213949203, 0.1609756052494049, 0.2634146213531494, 0.09756097197532654, 0.06341463327407837, 0.36097562313079834, 0.2487804889678955, 0.3658536672592163, 0.3073170781135559, 0.4292683005332947]}