{"loss": [16.92725944519043, 2.3253846168518066, 3.2110750675201416, 3.1797831058502197, 2.1942574977874756, 2.1076066493988037, 3.007115125656128, 1.5938732624053955, 1.8263946771621704, 5.994480609893799], "accuracy": [0.1627907007932663, 0.23939809203147888, 0.2612859010696411, 0.29274964332580566, 0.35430917143821716, 0.40492475032806396, 0.4651162922382355, 0.5595075488090515, 0.5348837375640869, 0.4856361150741577], "val_loss": [2.2829976081848145, 1.8280692100524902, 2.0184249877929688, 2.5367798805236816, 1.916212797164917, 1.8763587474822998, 5.434786319732666, 3.1765620708465576, 2.251763105392456, 1.6945077180862427], "val_accuracy": [0.22429905831813812, 0.4579439163208008, 0.3925233781337738, 0.38317757844924927, 0.4392523467540741, 0.5700934529304504, 0.3177570104598999, 0.5046728849411011, 0.5887850522994995, 0.663551390171051]}