{"loss": [26.908578872680664, 0.7832919359207153, 0.6134519577026367, 0.6024475693702698, 0.5647343397140503, 0.6383463144302368, 0.5871127843856812, 0.6127956509590149, 0.5176540613174438, 0.4983896017074585], "accuracy": [0.6356558799743652, 0.6991047263145447, 0.7158427238464355, 0.7111716866493225, 0.7150642275810242, 0.7115609049797058, 0.7107824087142944, 0.7279096841812134, 0.7547683715820312, 0.769170880317688], "val_loss": [0.6878635883331299, 0.7624576687812805, 0.6640794277191162, 0.5793924927711487, 5.888755798339844, 0.5255703926086426, 0.5510761141777039, 0.5313602089881897, 0.49908363819122314, 0.4584557116031647], "val_accuracy": [0.6570512652397156, 0.6570512652397156, 0.6570512652397156, 0.6570512652397156, 0.3878205120563507, 0.6570512652397156, 0.6570512652397156, 0.7307692170143127, 0.7147436141967773, 0.7339743375778198]}